model,accuracy,precision,recall,f1_score,roc_auc
random_forest,0.8857897827363477,0.8829347689996244,0.797737556561086,0.8381767397634754,0.9541303844253648
gradient_boost,0.8697676369432095,0.8518836667075714,0.7852941176470588,0.8172346812643475,0.9446492692377064
decision_tree,0.8452730475631239,0.8204553938036581,0.7459276018099548,0.7814184985483202,0.9230646170254222
logistic_regression,0.8187232614713531,0.8088597210828548,0.6692307692307692,0.7324501671412653,0.8978123128077644
